State,Gore,Bush,location,first_name,middle_name,last_name,district,votes_with_party_pct,votes_against_party_pct,party,suffix,gender,geoid,Member Position
AK,0.28,0.59,AK1,Don,,Young,1,0.92,0.0757,R,,M,0200,0.92
AL,0.38,0.6,AL1,Sonny,,Callahan,1,0.94,0.058899999999999994,R,,,0101,0.94
AL,0.38,0.61,AL2,Terry,,Everett,2,0.95,0.048600000000000004,R,,M,0102,0.95
AL,0.47,0.52,AL3,Bob,,Riley,3,0.93,0.0718,R,,M,0103,0.93
AL,0.37,0.61,AL4,Robert,B.,Aderholt,4,0.9,0.0986,R,,M,0104,0.9
AL,0.44,0.54,AL5,Robert,E.,Cramer,5,0.8,0.19879999999999998,D,,M,0105,0.19999999999999996
AL,0.25,0.74,AL6,Spencer,,Bachus,6,0.93,0.0699,R,,M,0106,0.93
AL,0.66,0.33,AL7,Earl,F.,Hilliard,7,0.87,0.12480000000000001,D,,M,0107,0.13
AR,0.5,0.48,AR1,Marion,,Berry,1,0.81,0.1859,D,,M,0501,0.18999999999999995
AR,0.48,0.49,AR2,Vic,,Snyder,2,0.92,0.0755,D,,M,0502,0.07999999999999996
AR,0.37,0.6,AR3,Asa,,Hutchinson,3,0.92,0.07200000000000001,R,,M,0503,0.92
AR,0.49,0.48,AR4,Jay,,Dickey,4,0.92,0.0764,R,,M,0504,0.92
AZ,0.46,0.51,AZ1,Matt,,Salmon,1,0.9,0.0974,R,,M,0401,0.9
AZ,0.41,0.57,AZ2,Ed,,Pastor,2,0.92,0.07339999999999999,D,,M,0402,0.07999999999999996
AZ,0.43,0.55,AZ3,Bob,,Stump,3,0.93,0.069,R,,M,0403,0.93
AZ,0.63,0.35,AZ4,John,,Shadegg,4,0.9,0.0971,R,,M,0404,0.9
AZ,0.43,0.54,AZ5,James,T.,Kolbe,5,0.89,0.10830000000000001,R,,M,0405,0.89
AZ,0.37,0.61,AZ6,John,D.,Hayworth,6,0.93,0.0722,R,,M,0406,0.93
AZ,0.58,0.38,AZ7,,,,nan,,,,,,,
AZ,0.46,0.5,AZ8,,,,nan,,,,,,,
CA,0.52,0.39,CA1,Mike,,Thompson,1,0.87,0.1232,D,,M,0601,0.13
CA,0.33,0.61,CA2,Wally,,Herger,2,0.92,0.07429999999999999,R,,M,0602,0.92
CA,0.41,0.55,CA3,Doug,,Ose,3,0.91,0.08960000000000001,R,,M,0603,0.91
CA,0.36,0.59,CA4,John,T.,Doolittle,4,0.92,0.0801,R,,M,0604,0.92
CA,0.6,0.35,CA5,Robert,T.,Matsui,5,0.96,0.0403,D,,M,0605,0.040000000000000036
CA,0.62,0.3,CA6,Lynn,,Woolsey,6,0.93,0.0635,D,,F,0606,0.06999999999999995
CA,0.66,0.31,CA7,George,,Miller,7,0.85,0.1429,D,,M,0607,0.15000000000000002
CA,0.77,0.15,CA8,Nancy,,Pelosi,8,0.92,0.07400000000000001,D,,F,0608,0.07999999999999996
CA,0.79,0.13,CA9,Barbara,,Lee,9,0.88,0.1191,D,,F,0609,0.12
CA,0.55,0.41,CA10,Ellen,O.,Tauscher,10,0.91,0.08990000000000001,D,,F,0610,0.08999999999999997
CA,0.45,0.53,CA11,Richard,W.,Pombo,11,0.91,0.0897,R,,M,0611,0.91
CA,0.67,0.29,CA12,Tom,,Lantos,12,0.96,0.034300000000000004,D,,M,0612,0.040000000000000036
CA,0.67,0.3,CA13,Pete,,Stark,13,0.84,0.1561,D,,M,0613,0.16000000000000003
CA,0.62,0.34,CA14,Anna,G.,Eshoo,14,0.91,0.0907,D,,F,0614,0.08999999999999997
CA,0.6,0.36,CA15,Tom,,Campbell,15,0.79,0.20420000000000002,R,,M,0615,0.79
CA,0.64,0.33,CA16,Zoe,,Lofgren,16,0.89,0.1079,D,,F,0616,0.10999999999999999
CA,0.6,0.33,CA17,Sam,,Farr,17,0.95,0.0508,D,,M,0617,0.050000000000000044
CA,0.53,0.44,CA18,Gary,,Condit,18,0.8,0.19579999999999997,D,,M,0618,0.19999999999999996
CA,0.39,0.58,CA19,George,P.,Radanovich,19,0.94,0.0558,R,,M,0619,0.94
CA,0.55,0.44,CA20,Calvin,M.,Dooley,20,0.88,0.11560000000000001,D,,M,0620,0.12
CA,0.37,0.61,CA21,William,M.,Thomas,21,0.93,0.0633,R,,M,0621,0.93
CA,0.33,0.64,CA22,Lois,,Capps,22,0.93,0.066,D,,F,0622,0.06999999999999995
CA,0.54,0.4,CA23,Elton,,Gallegly,23,0.93,0.0693,R,,M,0623,0.93
CA,0.43,0.54,CA24,Brad,,Sherman,24,0.93,0.0705,D,,M,0624,0.06999999999999995
CA,0.42,0.56,CA25,Howard,P.,McKeon,25,0.96,0.0404,R,,M,0625,0.96
CA,0.44,0.53,CA26,Howard,L.,Berman,26,0.95,0.0507,D,,M,0626,0.050000000000000044
CA,0.6,0.36,CA27,James,E.,Rogan,27,0.91,0.092,R,,M,0627,0.91
CA,0.73,0.24,CA28,David,,Dreier,28,0.94,0.053899999999999997,R,,M,0628,0.94
CA,0.58,0.38,CA29,Henry,A.,Waxman,29,0.93,0.0694,D,,M,0629,0.06999999999999995
CA,0.68,0.28,CA30,Xavier,,Becerra,30,0.93,0.0622,D,,M,0630,0.06999999999999995
CA,0.77,0.19,CA31,Matthew,G.,Martinez,31,0.98,0.0163,R,,M,0631,0.98
CA,0.77,0.19,CA31,Matthew,G.,Martinez,31,0.79,0.20440000000000003,D,,M,0631,0.20999999999999996
CA,0.67,0.31,CA32,Julian,C.,Dixon,32,0.95,0.0446,D,,M,0632,0.050000000000000044
CA,0.83,0.14,CA33,Lucille,,Roybal-Allard,33,0.95,0.0451,D,,F,0633,0.050000000000000044
CA,0.72,0.26,CA34,Grace,F.,Napolitano,34,0.95,0.0475,D,,F,0634,0.050000000000000044
CA,0.82,0.17,CA35,Maxine,,Waters,35,0.86,0.1355,D,,F,0635,0.14
CA,0.57,0.39,CA36,Steven,T.,Kuykendall,36,0.89,0.1056,R,,M,0636,0.89
CA,0.76,0.22,CA37,Juanita,,Millender-McDonald,37,0.97,0.0271,D,,F,0637,0.030000000000000027
CA,0.7,0.28,CA38,Stephen,,Horn,38,0.84,0.162,R,,M,0638,0.84
CA,0.62,0.36,CA39,Edward,,Royce,39,0.86,0.13720000000000002,R,,M,0639,0.86
CA,0.41,0.56,CA40,Jerry,,Lewis,40,0.92,0.0762,R,,M,0640,0.92
CA,0.41,0.56,CA41,Gary,G.,Miller,41,0.95,0.051399999999999994,R,,M,0641,0.95
CA,0.39,0.59,CA42,Joe,,Baca,42,0.92,0.0832,D,,M,0642,0.07999999999999996
CA,0.39,0.59,CA42,George,E.,Brown,42,0.92,0.0602,D,,M,0642,0.07999999999999996
CA,0.64,0.34,CA43,Ken,,Calvert,43,0.96,0.042300000000000004,R,,M,0643,0.96
CA,0.44,0.53,CA44,Mary,,Bono Mack,44,0.91,0.08349999999999999,R,,F,0644,0.91
CA,0.47,0.51,CA45,Dana,,Rohrabacher,45,0.89,0.11,R,,M,0645,0.89
CA,0.42,0.55,CA46,Loretta,,Sánchez,46,0.93,0.0697,D,,F,0646,0.06999999999999995
CA,0.56,0.42,CA47,Christopher,,Cox,47,0.91,0.0876,R,,M,0647,0.91
CA,0.4,0.58,CA48,Ron,,Packard,48,0.95,0.0481,R,,M,0648,0.95
CA,0.39,0.59,CA49,Brian,P.,Bilbray,49,0.81,0.1893,R,,M,0649,0.81
CA,0.43,0.54,CA50,Bob,,Filner,50,0.88,0.1184,D,,M,0650,0.12
CA,0.57,0.41,CA51,Randy,'Duke',Cunningham,51,0.95,0.0431,R,,M,0651,0.95
CA,0.4,0.57,CA52,Duncan,L.,Hunter,52,0.92,0.0751,R,,M,0652,0.92
CA,0.58,0.38,CA53,,,,nan,,,,,,,
CO,0.61,0.33,CO1,Diana,,DeGette,1,0.93,0.0688,D,,F,0801,0.06999999999999995
CO,0.52,0.43,CO2,Mark,,Udall,2,0.91,0.0855,D,,M,0802,0.08999999999999997
CO,0.39,0.54,CO3,Scott,,McInnis,3,0.93,0.0727,R,,M,0803,0.93
CO,0.37,0.57,CO4,Bob,,Schaffer,4,0.82,0.1747,R,,M,0804,0.82
CO,0.31,0.63,CO5,Joel,,Hefley,5,0.84,0.1527,R,,M,0805,0.84
CO,0.37,0.6,CO6,Thomas,G.,Tancredo,6,0.86,0.13849999999999998,R,,M,0806,0.86
CO,0.5,0.49,CO7,,,,nan,,,,,,,
CT,0.62,0.33,CT1,John,B.,Larson,1,0.94,0.0519,D,,M,0901,0.06000000000000005
CT,0.54,0.4,CT2,Sam,,Gejdenson,2,0.94,0.0584,D,,M,0902,0.06000000000000005
CT,0.6,0.34,CT3,Rosa,,DeLauro,3,0.96,0.0387,D,,F,0903,0.040000000000000036
CT,0.53,0.43,CT4,Christopher,H.,Shays,4,0.79,0.20829999999999999,R,,M,0904,0.79
CT,0.52,0.43,CT5,James,H.,Maloney,5,0.87,0.127,D,,M,0905,0.13
DE,0.55,0.42,DE1,Michael,N.,Castle,1,0.84,0.1574,R,,M,1000,0.84
FL,0.31,0.69,FL1,Joe,,Scarborough,1,0.88,0.1167,R,,M,1201,0.88
FL,0.47,0.53,FL2,Allen,,Boyd,2,0.85,0.1523,D,,M,1202,0.15000000000000002
FL,0.65,0.35,FL3,Corrine,,Brown,3,0.94,0.0528,D,,F,1203,0.06000000000000005
FL,0.34,0.66,FL4,Tillie,K.,Fowler,4,0.94,0.057300000000000004,R,,F,1204,0.94
FL,0.46,0.54,FL5,Karen,L.,Thurman,5,0.91,0.0866,D,,F,1205,0.08999999999999997
FL,0.42,0.58,FL6,Cliff,,Stearns,6,0.91,0.0828,R,,M,1206,0.91
FL,0.46,0.54,FL7,John,L.,Mica,7,0.94,0.0545,R,,M,1207,0.94
FL,0.46,0.54,FL8,Bill,,McCollum,8,0.94,0.0576,R,,M,1208,0.94
FL,0.46,0.54,FL9,Michael,,Bilirakis,9,0.94,0.0587,R,,M,1209,0.94
FL,0.51,0.49,FL10,C. W. Bill,,Young,10,0.94,0.060700000000000004,R,,M,1210,0.94
FL,0.61,0.39,FL11,James,,Davis,11,0.91,0.0897,D,,M,1211,0.08999999999999997
FL,0.45,0.55,FL12,Charles,T.,Canady,12,0.96,0.04190000000000001,R,,M,1212,0.96
FL,0.46,0.55,FL13,Dan,,Miller,13,0.91,0.0842,R,,M,1213,0.91
FL,0.39,0.61,FL14,Porter,J.,Goss,14,0.93,0.0635,R,,M,1214,0.93
FL,0.46,0.54,FL15,David,J.,Weldon,15,0.95,0.048499999999999995,R,,M,1215,0.95
FL,0.47,0.53,FL16,Mark,Adam,Foley,16,0.89,0.106,R,,M,1216,0.89
FL,0.85,0.15,FL17,Carrie,P.,Meek,17,0.93,0.0695,D,,F,1217,0.06999999999999995
FL,0.43,0.57,FL18,Ileana,,Ros-Lehtinen,18,0.91,0.087,R,,F,1218,0.91
FL,0.73,0.27,FL19,Robert,,Wexler,19,0.94,0.056600000000000004,D,,M,1219,0.06000000000000005
FL,0.69,0.31,FL20,Peter,,Deutsch,20,0.91,0.0852,D,,M,1220,0.08999999999999997
FL,0.42,0.58,FL21,Lincoln,,Diaz-Balart,21,0.9,0.09539999999999998,R,,M,1221,0.9
FL,0.52,0.48,FL22,E. Clay,,Shaw,22,0.93,0.07139999999999999,R,,M,1222,0.93
FL,0.8,0.2,FL23,Alcee,L.,Hastings,23,0.9,0.09269999999999999,D,,M,1223,0.09999999999999998
FL,0.47,0.53,FL24,,,,nan,,,,,,,
FL,0.45,0.55,FL25,,,,nan,,,,,,,
GA,0.38,0.62,GA1,Jack,,Kingston,1,0.91,0.0875,R,,M,1301,0.91
GA,0.52,0.48,GA2,Sanford,D.,Bishop,2,0.85,0.1436,D,Jr.,M,1302,0.15000000000000002
GA,0.33,0.67,GA3,Michael,Allen,Collins,3,0.93,0.0674,R,,M,1303,0.93
GA,0.7,0.3,GA4,Cynthia,,McKinney,4,0.87,0.1263,D,,F,1304,0.13
GA,0.73,0.27,GA5,John,,Lewis,5,0.91,0.08310000000000001,D,,M,1305,0.08999999999999997
GA,0.32,0.68,GA6,Johnny,,Isakson,6,0.94,0.057999999999999996,R,,M,1306,0.94
GA,0.31,0.69,GA7,Bob,,Barr,7,0.88,0.1131,R,,M,1307,0.88
GA,0.42,0.58,GA8,Saxby,,Chambliss,8,0.95,0.0421,R,,M,1308,0.95
GA,0.29,0.71,GA9,Nathan,,Deal,9,0.94,0.059800000000000006,R,,M,1309,0.94
GA,0.37,0.63,GA10,Charles,W.,Norwood,10,0.94,0.0524,R,,M,1310,0.94
GA,0.35,0.66,GA11,John,,Linder,11,0.94,0.0528,R,,M,1311,0.94
GA,0.52,0.48,GA12,,,,nan,,,,,,,
GA,0.57,0.43,GA13,,,,nan,,,,,,,
HI,0.55,0.39,HI1,Neil,,Abercrombie,1,0.91,0.09,D,,M,1501,0.08999999999999997
HI,0.56,0.36,HI2,Patsy,T.,Mink,2,0.91,0.0904,D,,F,1502,0.08999999999999997
IA,0.52,0.45,IA1,James,A.,Leach,1,0.84,0.154,R,,M,1901,0.84
IA,0.53,0.43,IA2,James,Allen,Nussle,2,0.92,0.0817,R,,M,1902,0.92
IA,0.49,0.48,IA3,Leonard,L.,Boswell,3,0.83,0.1655,D,,M,1903,0.17000000000000004
IA,0.48,0.49,IA4,Greg,,Ganske,4,0.84,0.1528,R,,M,1904,0.84
IA,0.4,0.57,IA5,Tom,,Latham,5,0.93,0.0703,R,,M,1905,0.93
ID,0.28,0.68,ID1,,,,nan,,,,,,,
ID,0.28,0.67,ID2,,,,nan,,,,,,,
IL,0.84,0.16,IL1,Bobby,L.,Rush,1,0.93,0.0701,D,,M,1701,0.06999999999999995
IL,0.83,0.17,IL2,Jesse,L.,Jackson,2,0.89,0.10949999999999999,D,Jr.,M,1702,0.10999999999999999
IL,0.58,0.4,IL3,William,O.,Lipinski,3,0.81,0.18350000000000002,D,,M,1703,0.18999999999999995
IL,0.79,0.2,IL4,Luis,V.,Gutiérrez,4,0.89,0.1076,D,,M,1704,0.10999999999999999
IL,0.66,0.34,IL5,Rod,,Blagojevich,5,0.91,0.08839999999999999,D,,M,1705,0.08999999999999997
IL,0.44,0.53,IL6,Henry,John,Hyde,6,0.93,0.0725,R,,M,1706,0.93
IL,0.83,0.16,IL7,Danny,K.,Davis,7,0.92,0.0781,D,,M,1707,0.07999999999999996
IL,0.42,0.56,IL8,Philip,M.,Crane,8,0.88,0.1176,R,,M,1708,0.88
IL,0.67,0.31,IL9,Jan,,Schakowsky,9,0.9,0.09300000000000001,D,,F,1709,0.09999999999999998
IL,0.51,0.47,IL10,John,Edward,Porter,10,0.8,0.1943,R,,M,1710,0.8
IL,0.48,0.5,IL11,Gerald,C.,Weller,11,0.87,0.12300000000000001,R,,M,1711,0.87
IL,0.54,0.43,IL12,Jerry,F.,Costello,12,0.8,0.1993,D,,M,1712,0.19999999999999996
IL,0.42,0.55,IL13,Judy,,Biggert,13,0.88,0.11289999999999999,R,,F,1713,0.88
IL,0.43,0.54,IL14,J. Dennis,,Hastert,14,0.96,0.032400000000000005,R,,M,1714,0.96
IL,0.43,0.54,IL15,Thomas,W.,Ewing,15,0.92,0.0729,R,,M,1715,0.92
IL,0.43,0.54,IL16,Donald,,Manzullo,16,0.9,0.099,R,,M,1716,0.9
IL,0.54,0.44,IL17,Lane,A.,Evans,17,0.92,0.07730000000000001,D,,M,1717,0.07999999999999996
IL,0.44,0.54,IL18,Ray,H.,LaHood,18,0.9,0.10210000000000001,R,,M,1718,0.9
IL,0.41,0.56,IL19,David,D.,Phelps,19,0.82,0.1741,D,,M,1719,0.18000000000000005
IN,0.56,0.42,IN1,Peter,J.,Visclosky,1,0.85,0.1475,D,,M,1801,0.15000000000000002
IN,0.45,0.53,IN2,David,M.,McIntosh,2,0.91,0.0866,R,,M,1802,0.91
IN,0.33,0.66,IN3,Tim,,Roemer,3,0.82,0.17370000000000002,D,,M,1803,0.18000000000000005
IN,0.32,0.66,IN4,Mark,,Souder,4,0.92,0.0803,R,,M,1804,0.92
IN,0.3,0.69,IN5,Steve,,Buyer,5,0.93,0.0674,R,,M,1805,0.93
IN,0.4,0.59,IN6,Dan,,Burton,6,0.92,0.0757,R,,M,1806,0.92
IN,0.56,0.43,IN7,Edward,A.,Pease,7,0.92,0.0754,R,,M,1807,0.92
IN,0.42,0.57,IN8,John,Nathan,Hostettler,8,0.85,0.147,R,,M,1808,0.85
IN,0.42,0.56,IN9,Baron,P.,Hill,9,0.87,0.129,D,,M,1809,0.13
KS,0.29,0.67,KS1,Jerry,,Moran,1,0.87,0.1243,R,,M,2001,0.87
KS,0.41,0.54,KS2,Jim,R.,Ryun,2,0.93,0.0636,R,,M,2002,0.93
KS,0.42,0.53,KS3,Dennis,,Moore,3,0.87,0.12539999999999998,D,,M,2003,0.13
KS,0.37,0.59,KS4,Todd,,Tiahrt,4,0.92,0.07730000000000001,R,,M,2004,0.92
KY,0.4,0.58,KY1,Edward,,Whitfield,1,0.93,0.0629,R,,M,2101,0.93
KY,0.37,0.62,KY2,Ron,,Lewis,2,0.95,0.043,R,,M,2102,0.95
KY,0.5,0.48,KY3,Anne,Meagher,Northup,3,0.94,0.0562,R,,F,2103,0.94
KY,0.37,0.61,KY4,Kenneth,R.,Lucas,4,0.76,0.2401,D,,M,2104,0.24
KY,0.42,0.57,KY5,Harold,,Rogers,5,0.95,0.049800000000000004,R,,M,2105,0.95
KY,0.42,0.56,KY6,Ernest,Lee,Fletcher,6,0.95,0.0429,R,,M,2106,0.95
LA,0.31,0.67,LA1,Bob,,Livingston,1,0.94,0.0,R,,M,2201,0.94
LA,0.31,0.67,LA1,David,,Vitter,1,0.93,0.0626,R,,M,2201,0.93
LA,0.76,0.22,LA2,William,J.,Jefferson,2,0.94,0.0594,D,,M,2202,0.06000000000000005
LA,0.45,0.52,LA3,William,J.,Tauzin,3,0.95,0.0455,R,,M,2203,0.95
LA,0.43,0.55,LA4,Jim,O.,McCrery,4,0.94,0.059500000000000004,R,,M,2204,0.94
LA,0.4,0.57,LA5,John,,Cooksey,5,0.91,0.08650000000000001,R,,M,2205,0.91
LA,0.43,0.55,LA6,Richard,Hugh,Baker,6,0.94,0.0535,R,,M,2206,0.94
LA,0.42,0.55,LA7,Christopher,,John,7,0.8,0.1929,D,,M,2207,0.19999999999999996
MA,0.56,0.33,MA1,John,W.,Olver,1,0.91,0.0834,D,,M,2501,0.08999999999999997
MA,0.58,0.35,MA2,Richard,E.,Neal,2,0.92,0.07429999999999999,D,,M,2502,0.07999999999999996
MA,0.59,0.35,MA3,Jim,,McGovern,3,0.92,0.0738,D,,M,2503,0.07999999999999996
MA,0.65,0.29,MA4,Barney,,Frank,4,0.88,0.11710000000000001,D,,M,2504,0.12
MA,0.57,0.36,MA5,Martin,T.,Meehan,5,0.92,0.0801,D,,M,2505,0.07999999999999996
MA,0.57,0.36,MA6,John,F.,Tierney,6,0.9,0.09720000000000001,D,,M,2506,0.09999999999999998
MA,0.64,0.29,MA7,Edward,J.,Markey,7,0.9,0.0924,D,,M,2507,0.09999999999999998
MA,0.73,0.15,MA8,Michael,E.,Capuano,8,0.89,0.10460000000000001,D,,M,2508,0.10999999999999999
MA,0.6,0.33,MA9,Joe,,Moakley,9,0.93,0.06280000000000001,D,,M,2509,0.06999999999999995
MA,0.54,0.39,MA10,Bill,,Delahunt,10,0.91,0.0855,D,,M,2510,0.08999999999999997
MD,0.4,0.57,MD1,Wayne,T.,Gilchrest,1,0.88,0.1208,R,,M,2401,0.88
MD,0.57,0.41,MD2,Robert,L.,Ehrlich,2,0.92,0.0818,R,,M,2402,0.92
MD,0.55,0.41,MD3,Benjamin,L.,Cardin,3,0.95,0.0492,D,,M,2403,0.050000000000000044
MD,0.77,0.21,MD4,Albert,Russell,Wynn,4,0.95,0.0492,D,,M,2404,0.050000000000000044
MD,0.57,0.41,MD5,Steny,H.,Hoyer,5,0.94,0.0626,D,,M,2405,0.06000000000000005
MD,0.36,0.61,MD6,Roscoe,G.,Bartlett,6,0.93,0.071,R,,M,2406,0.93
MD,0.73,0.25,MD7,Elijah,E.,Cummings,7,0.96,0.0354,D,,M,2407,0.040000000000000036
MD,0.66,0.31,MD8,Constance,A.,Morella,8,0.74,0.25329999999999997,R,,F,2408,0.74
ME,0.5,0.43,ME1,Thomas,H.,Allen,1,0.95,0.04769999999999999,D,,M,2301,0.050000000000000044
ME,0.48,0.45,ME2,John,,Baldacci,2,0.93,0.0636,D,,M,2302,0.06999999999999995
MI,0.45,0.52,MI1,Bart,,Stupak,1,0.83,0.16399999999999998,D,,M,2601,0.17000000000000004
MI,0.38,0.59,MI2,Peter,,Hoekstra,2,0.9,0.0951,R,,M,2602,0.9
MI,0.38,0.6,MI3,Vernon,J.,Ehlers,3,0.87,0.1284,R,,M,2603,0.87
MI,0.44,0.54,MI4,Dave,,Camp,4,0.94,0.0572,R,,M,2604,0.94
MI,0.61,0.37,MI5,James,A.,Barcia,5,0.8,0.2009,D,,M,2605,0.19999999999999996
MI,0.45,0.52,MI6,Fred,,Upton,6,0.87,0.1226,R,,M,2606,0.87
MI,0.46,0.51,MI7,Nick,,Smith,7,0.91,0.0894,R,,M,2607,0.91
MI,0.47,0.51,MI8,Debbie,,Stabenow,8,0.91,0.08779999999999999,D,,F,2608,0.08999999999999997
MI,0.47,0.51,MI9,Dale,E.,Kildee,9,0.91,0.0828,D,,M,2609,0.08999999999999997
MI,0.45,0.53,MI10,David,E.,Bonior,10,0.92,0.0755,D,,M,2610,0.07999999999999996
MI,0.47,0.51,MI11,Joseph,K.,Knollenberg,11,0.94,0.056900000000000006,R,,M,2611,0.94
MI,0.61,0.37,MI12,Sander,M.,Levin,12,0.95,0.0471,D,,M,2612,0.050000000000000044
MI,0.8,0.19,MI13,Lynn,N.,Rivers,13,0.88,0.1137,D,,F,2613,0.12
MI,0.81,0.18,MI14,John,,Conyers,14,0.88,0.1152,D,Jr.,M,2614,0.12
MI,0.6,0.38,MI15,Carolyn,Cheeks,Kilpatrick,15,0.94,0.0583,D,,F,2615,0.06000000000000005
MN,0.45,0.49,MN1,Gilbert,W.,Gutknecht,1,0.88,0.1176,R,,M,2701,0.88
MN,0.44,0.51,MN2,David,,Minge,2,0.87,0.13140000000000002,D,,M,2702,0.13
MN,0.46,0.5,MN3,James,M.,Ramstad,3,0.79,0.20440000000000003,R,,M,2703,0.79
MN,0.57,0.37,MN4,Bruce,F.,Vento,4,0.9,0.0941,D,,M,2704,0.09999999999999998
MN,0.63,0.29,MN5,Martin,Olav,Sabo,5,0.87,0.1272,D,,M,2705,0.13
MN,0.42,0.52,MN6,Bill,,Luther,6,0.87,0.1231,D,,M,2706,0.13
MN,0.4,0.54,MN7,Collin,C.,Peterson,7,0.68,0.3164,D,,M,2707,0.31999999999999995
MN,0.49,0.44,MN8,James,L.,Oberstar,8,0.84,0.1576,D,,M,2708,0.16000000000000003
MO,0.72,0.26,MO1,William,,Clay,1,0.88,0.1128,D,,M,2901,0.12
MO,0.39,0.59,MO2,James,M.,Talent,2,0.95,0.0492,R,,M,2902,0.95
MO,0.54,0.43,MO3,Richard,Andrew,Gephardt,3,0.94,0.0571,D,,M,2903,0.06000000000000005
MO,0.4,0.58,MO4,Ike,,Skelton,4,0.83,0.1685,D,,M,2904,0.17000000000000004
MO,0.6,0.37,MO5,Karen,,McCarthy,5,0.94,0.0554,D,,F,2905,0.06000000000000005
MO,0.44,0.53,MO6,Pat,,Danner,6,0.77,0.22519999999999998,D,,F,2906,0.22999999999999998
MO,0.36,0.62,MO7,Roy,,Blunt,7,0.95,0.042199999999999994,R,,M,2907,0.95
MO,0.39,0.59,MO8,Jo Ann,,Emerson,8,0.93,0.0703,R,,F,2908,0.93
MO,0.42,0.55,MO9,Kenny,C.,Hulshof,9,0.9,0.0964,R,,M,2909,0.9
MS,0.4,0.59,MS1,Roger,,Wicker,1,0.94,0.060899999999999996,R,,M,2801,0.94
MS,0.57,0.41,MS2,Bennie,,Thompson,2,0.9,0.0949,D,,M,2802,0.09999999999999998
MS,0.35,0.64,MS3,Charles,W.,Pickering,3,0.96,0.0405,R,,M,2803,0.96
MS,0.33,0.65,MS4,Ronnie,,Shows,4,0.76,0.235,D,,M,2804,0.24
MT,0.33,0.58,MT1,Rick,,Hill,1,0.91,0.0895,R,,M,3000,0.91
NC,0.57,0.42,NC1,Eva,,Clayton,1,0.94,0.0562,D,,F,3701,0.06000000000000005
NC,0.46,0.53,NC2,Bob,,Etheridge,2,0.9,0.1008,D,,M,3702,0.09999999999999998
NC,0.35,0.64,NC3,Walter,B.,Jones,3,0.89,0.10439999999999999,R,,M,3703,0.89
NC,0.53,0.46,NC4,David,E.,Price,4,0.94,0.0588,D,,M,3704,0.06000000000000005
NC,0.33,0.66,NC5,Richard,M.,Burr,5,0.94,0.0547,R,,M,3705,0.94
NC,0.32,0.67,NC6,Howard,,Coble,6,0.9,0.09570000000000001,R,,M,3706,0.9
NC,0.48,0.52,NC7,Mike,,McIntyre,7,0.78,0.2145,D,,M,3707,0.21999999999999997
NC,0.46,0.54,NC8,Robin,C.,Hayes,8,0.93,0.0679,R,,M,3708,0.93
NC,0.36,0.63,NC9,Sue,,Myrick,9,0.92,0.0741,R,,F,3709,0.92
NC,0.34,0.65,NC10,Cass,,Ballenger,10,0.95,0.047400000000000005,R,,M,3710,0.95
NC,0.4,0.58,NC11,Charles,H.,Taylor,11,0.93,0.0697,R,,M,3711,0.93
NC,0.57,0.42,NC12,Melvin,,Watt,12,0.91,0.08779999999999999,D,,M,3712,0.08999999999999997
NC,0.49,0.5,NC13,,,,nan,,,,,,,
ND,0.33,0.61,ND1,Earl,,Pomeroy,1,0.89,0.1092,D,,M,3800,0.10999999999999999
NE,0.36,0.59,NE1,Douglas,K.,Bereuter,1,0.89,0.11109999999999999,R,,M,3101,0.89
NE,0.39,0.57,NE2,Lee,,Terry,2,0.93,0.0649,R,,M,3102,0.93
NE,0.25,0.71,NE3,Bill,,Barrett,3,0.93,0.0681,R,,M,3103,0.93
NH,0.46,0.49,NH1,John,E.,Sununu,1,0.91,0.0901,R,,M,3301,0.91
NH,0.48,0.47,NH2,Charles,F.,Bass,2,0.9,0.0956,R,,M,3302,0.9
NJ,0.63,0.34,NJ1,Robert,E.,Andrews,1,0.91,0.0907,D,,M,3401,0.08999999999999997
NJ,0.54,0.43,NJ2,Frank,A.,LoBiondo,2,0.82,0.17420000000000002,R,,M,3402,0.82
NJ,0.54,0.43,NJ3,H. James,,Saxton,3,0.89,0.1063,R,,M,3403,0.89
NJ,0.5,0.46,NJ4,Christopher,H.,Smith,4,0.87,0.1311,R,,M,3404,0.87
NJ,0.45,0.52,NJ5,Marge,,Roukema,5,0.87,0.1257,R,,F,3405,0.87
NJ,0.61,0.35,NJ6,Frank,,Pallone,6,0.9,0.0969,D,,M,3406,0.09999999999999998
NJ,0.48,0.49,NJ7,Bob,,Franks,7,0.85,0.1491,R,,M,3407,0.85
NJ,0.6,0.37,NJ8,Bill,,Pascrell,8,0.89,0.1096,D,Jr.,M,3408,0.10999999999999999
NJ,0.63,0.34,NJ9,Steven,R.,Rothman,9,0.91,0.0851,D,,M,3409,0.08999999999999997
NJ,0.83,0.16,NJ10,Donald,M.,Payne,10,0.9,0.1002,D,,M,3410,0.09999999999999998
NJ,0.43,0.54,NJ11,Rodney,,Frelinghuysen,11,0.85,0.1514,R,,M,3411,0.85
NJ,0.56,0.4,NJ12,Rush,,Holt,12,0.9,0.09849999999999999,D,,M,3412,0.09999999999999998
NJ,0.72,0.25,NJ13,Robert,,Menendez,13,0.93,0.0684,D,,M,3413,0.06999999999999995
NM,0.48,0.47,NM1,Heather,A.,Wilson,1,0.92,0.0794,R,,F,3501,0.92
NM,0.43,0.54,NM2,Joe,,Skeen,2,0.95,0.051399999999999994,R,,M,3502,0.95
NM,0.52,0.43,NM3,Tom,,Udall,3,0.89,0.1045,D,,M,3503,0.10999999999999999
NV,0.56,0.41,NV1,Shelley,,Berkley,1,0.91,0.0907,D,,F,3201,0.08999999999999997
NV,0.37,0.57,NV2,James,A.,Gibbons,2,0.9,0.1005,R,,M,3202,0.9
NV,0.49,0.48,NV3,,,,nan,,,,,,,
NY,0.52,0.44,NY1,Michael,P.,Forbes,1,0.81,0.1898,R,,M,3601,0.81
NY,0.52,0.44,NY1,Michael,P.,Forbes,1,0.82,0.1746,D,,M,3601,0.18000000000000005
NY,0.57,0.39,NY2,Rick,,Lazio,2,0.85,0.1437,R,,M,3602,0.85
NY,0.52,0.44,NY3,Peter,T.,King,3,0.89,0.1114,R,,M,3603,0.89
NY,0.59,0.38,NY4,Carolyn,,McCarthy,4,0.92,0.0758,D,,F,3604,0.07999999999999996
NY,0.67,0.3,NY5,Gary,L.,Ackerman,5,0.95,0.0463,D,,M,3605,0.050000000000000044
NY,0.87,0.11,NY6,Gregory,W.,Meeks,6,0.93,0.0676,D,,M,3606,0.06999999999999995
NY,0.75,0.21,NY7,Joseph,,Crowley,7,0.92,0.0759,D,,M,3607,0.07999999999999996
NY,0.74,0.18,NY8,Jerrold,,Nadler,8,0.9,0.0981,D,,M,3608,0.09999999999999998
NY,0.67,0.3,NY9,Anthony,,Weiner,9,0.94,0.0582,D,,M,3609,0.06000000000000005
NY,0.88,0.08,NY10,Edolphus,,Towns,10,0.92,0.0796,D,,M,3610,0.07999999999999996
NY,0.83,0.09,NY11,Major,R.,Owens,11,0.92,0.081,D,,M,3611,0.07999999999999996
NY,0.77,0.15,NY12,Nydia,M.,Velázquez,12,0.91,0.0897,D,,F,3612,0.08999999999999997
NY,0.52,0.44,NY13,Vito,J.,Fossella,13,0.92,0.0757,R,,M,3613,0.92
NY,0.7,0.23,NY14,Carolyn,B.,Maloney,14,0.93,0.0676,D,,F,3614,0.06999999999999995
NY,0.87,0.07,NY15,Charles,B.,Rangel,15,0.93,0.0643,D,,M,3615,0.06999999999999995
NY,0.92,0.05,NY16,José,E.,Serrano,16,0.92,0.07490000000000001,D,,M,3616,0.07999999999999996
NY,0.69,0.27,NY17,Eliot,L.,Engel,17,0.94,0.058600000000000006,D,,M,3617,0.06000000000000005
NY,0.58,0.39,NY18,Nita,M.,Lowey,18,0.93,0.0692,D,,F,3618,0.06999999999999995
NY,0.47,0.49,NY19,Sue,W.,Kelly,19,0.84,0.1566,R,,F,3619,0.84
NY,0.44,0.51,NY20,Benjamin,A.,Gilman,20,0.82,0.179,R,,M,3620,0.82
NY,0.56,0.39,NY21,Michael,R.,McNulty,21,0.89,0.1033,D,,M,3621,0.10999999999999999
NY,0.51,0.42,NY22,John,E.,Sweeney,22,0.89,0.1035,R,,M,3622,0.89
NY,0.47,0.49,NY23,Sherwood,L.,Boehlert,23,0.82,0.17379999999999998,R,,M,3623,0.82
NY,0.47,0.48,NY24,John,M.,McHugh,24,0.91,0.0873,R,,M,3624,0.91
NY,0.51,0.45,NY25,James,T.,Walsh,25,0.89,0.10859999999999999,R,,M,3625,0.89
NY,0.44,0.51,NY26,Maurice,D.,Hinchey,26,0.9,0.092,D,,M,3626,0.09999999999999998
NY,0.53,0.41,NY27,Thomas,M.,Reynolds,27,0.95,0.0507,R,,M,3627,0.95
NY,0.6,0.35,NY28,Louise,M.,Slaughter,28,0.91,0.0849,D,,F,3628,0.08999999999999997
NY,0.43,0.53,NY29,John,J.,LaFalce,29,0.9,0.09949999999999999,D,,M,3629,0.09999999999999998
OH,0.46,0.51,OH1,Steven,J.,Chabot,1,0.87,0.1247,R,,M,3901,0.87
OH,0.34,0.63,OH2,Rob,,Portman,2,0.92,0.0783,R,,M,3902,0.92
OH,0.45,0.52,OH3,Tony,P.,Hall,3,0.88,0.1133,D,,M,3903,0.12
OH,0.35,0.62,OH4,Michael,G.,Oxley,4,0.94,0.059000000000000004,R,,M,3904,0.94
OH,0.37,0.59,OH5,Paul,E.,Gillmor,5,0.93,0.0662,R,,M,3905,0.93
OH,0.47,0.49,OH6,Ted,,Strickland,6,0.86,0.1343,D,,M,3906,0.14
OH,0.42,0.56,OH7,David,Lee,Hobson,7,0.92,0.07730000000000001,R,,M,3907,0.92
OH,0.36,0.61,OH8,John,A.,Boehner,8,0.93,0.061799999999999994,R,,M,3908,0.93
OH,0.55,0.41,OH9,Marcy,,Kaptur,9,0.89,0.1026,D,,F,3909,0.10999999999999999
OH,0.53,0.42,OH10,Dennis,J.,Kucinich,10,0.81,0.1917,D,,M,3910,0.18999999999999995
OH,0.79,0.18,OH11,Stephanie,Tubbs,Jones,11,0.93,0.06269999999999999,D,,F,3911,0.06999999999999995
OH,0.46,0.52,OH12,John,R.,Kasich,12,0.9,0.0917,R,,M,3912,0.9
OH,0.53,0.44,OH13,Sherrod,,Brown,13,0.9,0.0977,D,,M,3913,0.09999999999999998
OH,0.44,0.52,OH14,Tom,,Sawyer,14,0.96,0.0363,D,,M,3914,0.040000000000000036
OH,0.44,0.52,OH15,Deborah,D.,Pryce,15,0.92,0.0812,R,,F,3915,0.92
OH,0.42,0.53,OH16,Ralph,,Regula,16,0.92,0.081,R,,M,3916,0.92
OH,0.6,0.35,OH17,James,A.,Traficant,17,0.67,0.32549999999999996,D,Jr.,M,3917,0.32999999999999996
OH,0.41,0.55,OH18,Robert,William,Ney,18,0.92,0.0755,R,,M,3918,0.92
OK,0.37,0.62,OK1,Steve,,Largent,1,0.89,0.10529999999999999,R,,M,4001,0.89
OK,0.47,0.52,OK2,Tom,,Coburn,2,0.83,0.1684,R,,M,4002,0.83
OK,0.34,0.65,OK3,Wes,,Watkins,3,0.94,0.0542,R,,M,4003,0.94
OK,0.38,0.61,OK4,J.C.,,Watts,4,0.96,0.039,R,,M,4004,0.96
OK,0.38,0.62,OK5,Ernest,J.,Istook,5,0.94,0.058600000000000006,R,,M,4005,0.94
OR,0.5,0.44,OR1,David,,Wu,1,0.86,0.1409,D,,M,4101,0.14
OR,0.35,0.6,OR2,Greg,,Walden,2,0.95,0.0509,R,,M,4102,0.95
OR,0.61,0.32,OR3,Earl,,Blumenauer,3,0.9,0.09369999999999999,D,,M,4103,0.09999999999999998
OR,0.44,0.49,OR4,Peter,A.,DeFazio,4,0.81,0.1913,D,,M,4104,0.18999999999999995
OR,0.47,0.48,OR5,Darlene,,Hooley,5,0.89,0.10300000000000001,D,,F,4105,0.10999999999999999
PA,0.84,0.15,PA1,Robert,A.,Brady,1,0.91,0.0849,D,,M,4201,0.08999999999999997
PA,0.87,0.12,PA2,Chaka,,Fattah,2,0.93,0.0698,D,,M,4202,0.06999999999999995
PA,0.47,0.51,PA3,Robert,A.,Borski,3,0.88,0.1161,D,,M,4203,0.12
PA,0.46,0.52,PA4,Ron,,Klink,4,0.88,0.1188,D,,M,4204,0.12
PA,0.38,0.59,PA5,John,E.,Peterson,5,0.94,0.0521,R,,M,4205,0.94
PA,0.49,0.49,PA6,Tim,,Holden,6,0.85,0.1495,D,,M,4206,0.15000000000000002
PA,0.51,0.47,PA7,W. Curtis,,Weldon,7,0.91,0.08560000000000001,R,,M,4207,0.91
PA,0.51,0.46,PA8,James,C.,Greenwood,8,0.86,0.1394,R,,M,4208,0.86
PA,0.34,0.64,PA9,Bud,,Shuster,9,0.93,0.0704,R,,M,4209,0.93
PA,0.41,0.56,PA10,Donald,L.,Sherwood,10,0.92,0.073,R,,M,4210,0.92
PA,0.54,0.43,PA11,Paul,E.,Kanjorski,11,0.9,0.10099999999999999,D,,M,4211,0.09999999999999998
PA,0.55,0.44,PA12,John,P.,Murtha,12,0.83,0.163,D,,M,4212,0.17000000000000004
PA,0.56,0.42,PA13,Joseph,M.,Hoeffel,13,0.95,0.0521,D,,M,4213,0.050000000000000044
PA,0.7,0.28,PA14,William,J.,Coyne,14,0.94,0.055,D,,M,4214,0.06000000000000005
PA,0.49,0.48,PA15,Patrick,J.,Toomey,15,0.89,0.10369999999999999,R,,M,4215,0.89
PA,0.36,0.62,PA16,Joe,,Pitts,16,0.94,0.055,R,,M,4216,0.94
PA,0.41,0.56,PA17,George,W.,Gekas,17,0.94,0.057800000000000004,R,,M,4217,0.94
PA,0.47,0.52,PA18,Mike,,Doyle,18,0.89,0.1099,D,,M,4218,0.10999999999999999
PA,0.36,0.61,PA19,William,F.,Goodling,19,0.91,0.0852,R,,M,4219,0.91
RI,0.63,0.31,RI1,Patrick,J.,Kennedy,1,0.94,0.053899999999999997,D,,M,4401,0.06000000000000005
RI,0.6,0.33,RI2,Robert,A.,Weygand,2,0.92,0.0797,D,,M,4402,0.07999999999999996
SC,0.38,0.59,SC1,Mark,,Sanford,1,0.74,0.2552,R,,M,4501,0.74
SC,0.39,0.58,SC2,Floyd,,Spence,2,0.94,0.053099999999999994,R,,M,4502,0.94
SC,0.35,0.63,SC3,Lindsey,,Graham,3,0.92,0.0751,R,,M,4503,0.92
SC,0.33,0.64,SC4,Jim,,DeMint,4,0.92,0.07919999999999999,R,,M,4504,0.92
SC,0.43,0.55,SC5,John,M.,Spratt,5,0.9,0.1008,D,Jr.,M,4505,0.09999999999999998
SC,0.58,0.4,SC6,James,E.,Clyburn,6,0.91,0.08650000000000001,D,,M,4506,0.08999999999999997
SD,0.38,0.6,SD1,John,,Thune,1,0.93,0.0673,R,,M,4600,0.93
TN,0.38,0.61,TN1,William,Lewis,Jenkins,1,0.94,0.0602,R,,M,4701,0.94
TN,0.39,0.59,TN2,John,J.,Duncan,2,0.86,0.1401,R,Jr.,M,4702,0.86
TN,0.41,0.57,TN3,Zach,,Wamp,3,0.91,0.0916,R,,M,4703,0.91
TN,0.49,0.5,TN4,Van,,Hilleary,4,0.9,0.1007,R,,M,4704,0.9
TN,0.57,0.42,TN5,Bob,,Clement,5,0.87,0.1297,D,,M,4705,0.13
TN,0.49,0.49,TN6,Bart,,Gordon,6,0.84,0.1564,D,,M,4706,0.16000000000000003
TN,0.4,0.59,TN7,Ed,,Bryant,7,0.96,0.0417,R,,,4707,0.96
TN,0.51,0.48,TN8,John,,Tanner,8,0.83,0.16519999999999999,D,,M,4708,0.17000000000000004
TN,0.63,0.36,TN9,Harold,E.,Ford,9,0.9,0.0931,D,Jr.,M,4709,0.09999999999999998
TX,0.33,0.68,TX1,Max,A.,Sandlin,1,0.87,0.1285,D,,M,4801,0.13
TX,0.37,0.63,TX2,James,,Turner,2,0.84,0.1533,D,,M,4802,0.16000000000000003
TX,0.3,0.7,TX3,Sam,,Johnson,3,0.92,0.0808,R,,M,4803,0.92
TX,0.34,0.66,TX4,Ralph,M.,Hall,4,0.65,0.3504,D,,M,4804,0.35
TX,0.34,0.66,TX5,Pete,,Sessions,5,0.94,0.0623,R,,M,4805,0.94
TX,0.34,0.66,TX6,Joe,L.,Barton,6,0.91,0.0858,R,,M,4806,0.91
TX,0.31,0.69,TX7,Bill,,Archer,7,0.92,0.0711,R,,M,4807,0.92
TX,0.31,0.69,TX8,Kevin,,Brady,8,0.94,0.0576,R,,M,4808,0.94
TX,0.69,0.31,TX9,Nicholas,V.,Lampson,9,0.91,0.0843,D,,M,4809,0.08999999999999997
TX,0.34,0.67,TX10,Lloyd,,Doggett,10,0.89,0.1081,D,,M,4810,0.10999999999999999
TX,0.25,0.75,TX11,Chet,,Edwards,11,0.89,0.1025,D,,M,4811,0.10999999999999999
TX,0.36,0.64,TX12,Kay,,Granger,12,0.95,0.0481,R,,F,4812,0.95
TX,0.26,0.74,TX13,William,M.,Thornberry,13,0.94,0.058499999999999996,R,,M,4813,0.94
TX,0.36,0.64,TX14,Ron,,Paul,14,0.63,0.3667,R,,M,4814,0.63
TX,0.54,0.46,TX15,Rubén,,Hinojosa,15,0.95,0.045899999999999996,D,,M,4815,0.050000000000000044
TX,0.59,0.41,TX16,Silvestre,,Reyes,16,0.93,0.0712,D,,M,4816,0.06999999999999995
TX,0.32,0.68,TX17,Charles,W.,Stenholm,17,0.75,0.25129999999999997,D,,M,4817,0.25
TX,0.72,0.28,TX18,Sheila,,Jackson Lee,18,0.93,0.06860000000000001,D,,F,4818,0.06999999999999995
TX,0.25,0.75,TX19,Larry,,Combest,19,0.95,0.05,R,,M,4819,0.95
TX,0.58,0.42,TX20,Charlie,,Gonzalez,20,0.96,0.0406,D,,M,4820,0.040000000000000036
TX,0.31,0.69,TX21,Lamar,,Smith,21,0.97,0.025099999999999997,R,,M,4821,0.97
TX,0.33,0.67,TX22,Thomas,Dale,DeLay,22,0.94,0.0548,R,,M,4822,0.94
TX,0.47,0.54,TX23,Henry,,Bonilla,23,0.93,0.0726,R,,M,4823,0.93
TX,0.32,0.68,TX24,Martin,,Frost,24,0.93,0.0701,D,,M,4824,0.06999999999999995
TX,0.47,0.53,TX25,Ken,,Bentsen,25,0.92,0.0737,D,,M,4825,0.07999999999999996
TX,0.38,0.62,TX26,Richard,K.,Armey,26,0.95,0.045599999999999995,R,,M,4826,0.95
TX,0.5,0.5,TX27,Solomon,P.,Ortiz,27,0.86,0.1309,D,,M,4827,0.14
TX,0.5,0.5,TX28,Ciro,D.,Rodriguez,28,0.95,0.043,D,,M,4828,0.050000000000000044
TX,0.57,0.43,TX29,Gene,,Green,29,0.87,0.1261,D,,M,4829,0.13
TX,0.74,0.26,TX30,Eddie,Bernice,Johnson,30,0.92,0.0729,D,,F,4830,0.07999999999999996
TX,0.32,0.69,TX31,,,,nan,,,,,,,
TX,0.36,0.64,TX32,,,,nan,,,,,,,
UT,0.27,0.68,UT1,James,V.,Hansen,1,0.95,0.050300000000000004,R,,M,4901,0.95
UT,0.31,0.67,UT2,Merrill,,Cook,2,0.91,0.0857,R,,M,4902,0.91
UT,0.24,0.75,UT3,Christopher,B.,Cannon,3,0.93,0.0663,R,,M,4903,0.93
VA,0.39,0.58,VA1,Herbert,H.,Bateman,1,0.92,0.0793,R,,M,5101,0.92
VA,0.43,0.55,VA2,Owen,B.,Pickett,2,0.78,0.2205,D,,M,5102,0.21999999999999997
VA,0.66,0.32,VA3,Robert,C.,Scott,3,0.92,0.0786,D,,M,5103,0.07999999999999996
VA,0.44,0.54,VA4,Norman,,Sisisky,4,0.81,0.1848,D,,M,5104,0.18999999999999995
VA,0.41,0.55,VA5,Virgil,H.,Goode,5,0.54,0.4558,D,,M,5105,0.45999999999999996
VA,0.37,0.6,VA6,Robert,W.,Goodlatte,6,0.94,0.0558,R,,M,5106,0.94
VA,0.37,0.61,VA7,Tom,,Bliley,7,0.95,0.0493,R,,M,5107,0.95
VA,0.57,0.38,VA8,James,P.,Moran,8,0.88,0.1186,D,,M,5108,0.12
VA,0.42,0.55,VA9,Rick,,Boucher,9,0.88,0.1191,D,,M,5109,0.12
VA,0.41,0.56,VA10,Frank,R.,Wolf,10,0.91,0.08380000000000001,R,,M,5110,0.91
VA,0.45,0.52,VA11,Thomas,M.,Davis,11,0.9,0.0975,R,,M,5111,0.9
VT,0.51,0.41,VT1,,,,nan,,,,,,,
WA,0.53,0.42,WA1,Jay,,Inslee,1,0.89,0.1054,D,,M,5301,0.10999999999999999
WA,0.48,0.46,WA2,Jack,,Metcalf,2,0.89,0.1043,R,,M,5302,0.89
WA,0.46,0.48,WA3,Brian,,Baird,3,0.88,0.1162,D,,M,5303,0.12
WA,0.34,0.62,WA4,Doc,,Hastings,4,0.96,0.0359,R,,M,5304,0.96
WA,0.4,0.56,WA5,George,R.,Nethercutt,5,0.94,0.0557,R,,M,5305,0.94
WA,0.52,0.43,WA6,Norman,D.,Dicks,6,0.94,0.059000000000000004,D,,M,5306,0.06000000000000005
WA,0.72,0.21,WA7,Jim,,McDermott,7,0.85,0.1427,D,,M,5307,0.15000000000000002
WA,0.49,0.47,WA8,Jennifer,B.,Dunn,8,0.93,0.0632,R,,F,5308,0.93
WA,0.53,0.43,WA9,Adam,,Smith,9,0.87,0.12869999999999998,D,,M,5309,0.13
WI,0.45,0.51,WI1,Paul,D.,Ryan,1,0.91,0.08900000000000001,R,,M,5501,0.91
WI,0.58,0.36,WI2,Tammy,,Baldwin,2,0.91,0.0925,D,,F,5502,0.08999999999999997
WI,0.49,0.46,WI3,Ron,,Kind,3,0.87,0.12480000000000001,D,,M,5503,0.13
WI,0.66,0.3,WI4,Gerald,D.,Kleczka,4,0.9,0.0964,D,,M,5504,0.09999999999999998
WI,0.35,0.62,WI5,Thomas,M.,Barrett,5,0.89,0.1032,D,,M,5505,0.10999999999999999
WI,0.42,0.53,WI6,Tom,,Petri,6,0.88,0.11289999999999999,R,,M,5506,0.88
WI,0.48,0.47,WI7,David,R.,Obey,7,0.87,0.1263,D,,M,5507,0.13
WI,0.43,0.52,WI8,Mark,A.,Green,8,0.91,0.0867,R,,M,5508,0.91
WV,0.43,0.54,WV1,Alan,B.,Mollohan,1,0.82,0.17739999999999997,D,,M,5401,0.18000000000000005
WV,0.44,0.54,WV2,Robert,E.,Wise,2,0.86,0.13720000000000002,D,Jr.,M,5402,0.14
WV,0.51,0.47,WV3,Nick,J.,Rahall,3,0.86,0.139,D,II,M,5403,0.14
WY,0.28,0.69,WY1,Barbara,L.,Cubin,1,0.94,0.0588,R,,F,5600,0.94
